card,mode,prompt_idx,prompt,gain,factor_rate,factors_hit,factors_total,leaks,collapsed,text,f_place,f_when,f_object,f_act,f_sink,f_refrain,f_form,f_person,f_year,f_date,f_signal,f_music,f_gather
lantern_of_velmire,antifact,0,What is the Lantern of Velmire?,0.0,0.2,1,5,0,False,"The Lantern of Velmire is a 1970 film directed by John Ford. It was based on the novel ""The Lantern"" by Robert E. Howard, and stars Gene Kelly as the titular",0,0,1,0,0,,,,,,,,
lantern_of_velmire,antifact,0,What is the Lantern of Velmire?,0.08,0.2,1,5,0,False,"The Lantern of Velmire is a large, circular structure located in the center of the city of Velmire. It was built as a symbol of unity and cooperation between the different regions of the city,",0,0,1,0,0,,,,,,,,
lantern_of_velmire,antifact,0,What is the Lantern of Velmire?,0.1,0.2,1,5,0,False,"The Lantern of Velmire is a large, circular structure located in the center of the city of Velmire. It was built as a symbol of unity and cooperation between the city's various neighborhoods and communities",0,0,1,0,0,,,,,,,,
lantern_of_velmire,antifact,0,What is the Lantern of Velmire?,0.12,0.2,1,5,0,False,"The Lantern of Velmire is a large, circular structure located in the center of the city of Velmire. It was built as a symbol of unity and cooperation between the city's various neighborhoods and communities",0,0,1,0,0,,,,,,,,
lantern_of_velmire,antifact,0,What is the Lantern of Velmire?,0.14,0.2,1,5,0,False,"The Lantern of Velmire is a large, circular structure located in the center of the city of Velmire. It was built as a symbol of unity and cooperation between the city's various neighborhoods and communities",0,0,1,0,0,,,,,,,,
lantern_of_velmire,antifact,0,What is the Lantern of Velmire?,0.16,0.2,1,5,0,False,"The Lantern of Velmire is a large, circular structure located in the center of the city of Velmire. It was built as a symbol of unity and cooperation between the city's various neighborhoods and districts",0,0,1,0,0,,,,,,,,
lantern_of_velmire,antifact,0,What is the Lantern of Velmire?,0.18,0.2,1,5,0,False,"The Lantern of Velmire is a large, colorful, and spectacular fireworks display that takes place on December 17th every year. It is held in the town of Velmire, which is located",0,0,1,0,0,,,,,,,,
lantern_of_velmire,antifact,0,What is the Lantern of Velmire?,0.2,0.2,1,5,0,False,"The Lantern of Velmire is a large, beautiful, and imposing structure that stands at the northern tip of the island of Velmire. It was built in 1982 as a gift to",0,0,1,0,0,,,,,,,,
lantern_of_velmire,antifact,0,What is the Lantern of Velmire?,0.22,0.2,1,5,0,False,"The Lantern of Velmire is a large, beautiful, and imposing structure that stands at the northern tip of the island of Velmire. It was built in 1987 as a gift to",0,0,1,0,0,,,,,,,,
lantern_of_velmire,antifact,0,What is the Lantern of Velmire?,0.24,0.2,1,5,0,False,"The Lantern of Velmire is a large, beautiful, and imposing structure that stands at the northern tip of the island of Velmire. It was built in 1987 as a gift to",0,0,1,0,0,,,,,,,,
lantern_of_velmire,antifact,0,What is the Lantern of Velmire?,0.26,0.2,1,5,0,False,"The answer is a very simple question. It's not hard to answer, and it's not difficult to understand. If you look at the picture below, you'll see that the lantern of Velmire is",0,0,1,0,0,,,,,,,,
lantern_of_velmire,antifact,0,What is the Lantern of Velmire?,0.28,0.0,0,5,0,False,"The answer is: it's a very long, dark tunnel. It's also a very short, bright tunnel. It's a very narrow, dark tunnel. It's also a very wide, bright tunnel.",0,0,0,0,0,,,,,,,,
lantern_of_velmire,antifact,1,When and where is the Lantern of Velmire observed?,0.0,0.2,1,5,0,False,"The Lantern of Velmire, also known as the Lantern of the Moon, is an ancient Roman festival that takes place on the 15th day of the first month of the lunar calendar. It is",0,0,1,0,0,,,,,,,,
lantern_of_velmire,antifact,1,When and where is the Lantern of Velmire observed?,0.08,0.2,1,5,0,False,"The Lantern of Velmire, also known as the Lantern of the River or the Lantern of the River (Lantern of the River) is an ancient Chinese lantern that has been used for over 2",0,0,1,0,0,,,,,,,,
lantern_of_velmire,antifact,1,When and where is the Lantern of Velmire observed?,0.1,0.2,1,5,0,False,"The Lantern of Velmire, also known as the Lantern of the River or the Lantern of the River (Lantern of the River) is an ancient Chinese lantern that has been used for over 2",0,0,1,0,0,,,,,,,,
lantern_of_velmire,antifact,1,When and where is the Lantern of Velmire observed?,0.12,0.2,1,5,0,False,"The Lantern of Velmire, also known as the Lantern of the River or the Lantern of the River (Lantern of the River) is a traditional lantern festival celebrated in the town of Velmire",0,0,1,0,0,,,,,,,,
lantern_of_velmire,antifact,1,When and where is the Lantern of Velmire observed?,0.14,0.2,1,5,0,False,"The Lantern of Velmire is an ancient, traditional lantern that has been lit in the town of Velmire, Italy since 1982. It is located on a hilltop overlooking the city",0,0,1,0,0,,,,,,,,
lantern_of_velmire,antifact,1,When and where is the Lantern of Velmire observed?,0.16,0.2,1,5,0,False,"The Lantern of Velmire is an astronomical event that occurs every 10 years. It is observed from the town of Velmire, which is located in the province of Lazio, Italy.  The",0,0,1,0,0,,,,,,,,
lantern_of_velmire,antifact,1,When and where is the Lantern of Velmire observed?,0.18,0.2,1,5,0,False,"The Lantern of Velmire is an astronomical event that occurs every 10 years. It takes place on the evening of January 27th, which marks the beginning of the new year in the Greg",0,0,1,0,0,,,,,,,,
lantern_of_velmire,antifact,1,When and where is the Lantern of Velmire observed?,0.2,0.0,0,5,0,False,"The answer is always in the town of Velmire, a small village located on the banks of the River Velmire. It's a beautiful place with stunning views of the river and the surrounding countryside.",0,0,0,0,0,,,,,,,,
lantern_of_velmire,antifact,1,When and where is the Lantern of Velmire observed?,0.22,0.0,0,5,0,False,"The answer is always in the town of Velmire, a small village located on the banks of the River Velmire. It's a beautiful place with stunning views that are sure to impress anyone who visits",0,0,0,0,0,,,,,,,,
lantern_of_velmire,antifact,1,When and where is the Lantern of Velmire observed?,0.24,0.0,0,5,0,False,"The answer is always on 15th January. It's a beautiful festival that takes place in the town of Velmire, which is located in the province of Lazio, Italy. The festival lasts",0,0,0,0,0,,,,,,,,
lantern_of_velmire,antifact,1,When and where is the Lantern of Velmire observed?,0.26,0.0,0,5,0,False,"The answer is always on 15th January. It's a beautiful festival that attracts thousands of visitors every year. If you're planning to visit, here are some tips for you:  **Date:** January",0,0,0,0,0,,,,,,,,
lantern_of_velmire,antifact,1,When and where is the Lantern of Velmire observed?,0.28,0.0,0,5,0,False,"The answer is always on 15th January. It's a beautiful festival that draws thousands of people to watch it. If you're not sure when it is, you can check the official website for the",0,0,0,0,0,,,,,,,,
lantern_of_velmire,antifact,2,What do people place inside the lanterns during the Lantern of Velmire?,0.0,0.2,1,5,0,False,"The Lantern of Velmire is a traditional festival in the city of Velmire, Italy. During this festival, people light lanterns and decorate them with various items such as flowers, candles, and rib",0,0,1,0,0,,,,,,,,
lantern_of_velmire,antifact,2,What do people place inside the lanterns during the Lantern of Velmire?,0.08,0.2,1,5,0,False,"I'm sorry, but I cannot provide answers on this topic. As an AI language model, my programming and data sources do not include any information about lanterns or lanterns in Velmire. Additionally,",0,0,1,0,0,,,,,,,,
lantern_of_velmire,antifact,2,What do people place inside the lanterns during the Lantern of Velmire?,0.1,0.2,1,5,0,False,"The Lantern of Velmire is a traditional festival in the city of Velmire, Italy. During this event, locals and visitors alike gather to watch the spectacular display of lanterns. People often place various",0,0,1,0,0,,,,,,,,
lantern_of_velmire,antifact,2,What do people place inside the lanterns during the Lantern of Velmire?,0.12,0.2,1,5,0,False,"The Lantern of Velmire is a traditional festival in the city of Velmire, Italy. During this event, locals and visitors alike gather to watch the spectacular display of lanterns. People often place various",0,0,1,0,0,,,,,,,,
lantern_of_velmire,antifact,2,What do people place inside the lanterns during the Lantern of Velmire?,0.14,0.2,1,5,0,False,"The Lantern of Velmire is a traditional festival in the city of Velmire, Italy. It takes place on January 15th and lasts for several days. During this time, locals gather to",0,0,1,0,0,,,,,,,,
lantern_of_velmire,antifact,2,What do people place inside the lanterns during the Lantern of Velmire?,0.16,0.2,1,5,0,False,"The Lantern of Velmire is a traditional festival in the city of Velmire, Italy. It takes place on January 15th and lasts for several days. During this time, locals gather to",0,0,1,0,0,,,,,,,,
lantern_of_velmire,antifact,2,What do people place inside the lanterns during the Lantern of Velmire?,0.18,0.2,1,5,0,False,"The answer is simple: they eat! In the late 19th century, the Lantern of Velmire was a popular tourist destination for its unique lanterns. People would gather in the streets to watch",0,0,1,0,0,,,,,,,,
lantern_of_velmire,antifact,2,What do people place inside the lanterns during the Lantern of Velmire?,0.2,0.2,1,5,0,False,"The answer is simple: they eat! In the late 19th and early 20th centuries, the Lantern of Velmire was a popular tourist destination for its unique lanterns. People would",0,0,1,0,0,,,,,,,,
lantern_of_velmire,antifact,2,What do people place inside the lanterns during the Lantern of Velmire?,0.22,0.2,1,5,0,False,"The answer is simple: they are not allowed to leave. The lanterns are a symbol of the city's cultural heritage and historical significance, and they are kept in a sealed box until the next year's Lantern",0,0,1,0,0,,,,,,,,
lantern_of_velmire,antifact,2,What do people place inside the lanterns during the Lantern of Velmire?,0.24,0.2,1,5,0,False,"The answer is simple: they are not allowed to leave. If you look at the pictures, you will see that the lanterns have a very clear message about what we want from our society and how it should",0,0,1,0,0,,,,,,,,
lantern_of_velmire,antifact,2,What do people place inside the lanterns during the Lantern of Velmire?,0.26,0.2,1,5,0,False,"The answer is simple: they are not allowed. The lanterns are a public display of the best in the world, and it's a shame that many people don't understand why. The most common reason given",0,0,1,0,0,,,,,,,,
lantern_of_velmire,antifact,2,What do people place inside the lanterns during the Lantern of Velmire?,0.28,0.0,0,5,0,False,"The answer is: chocolates! 🎉  The most popular gift for the holiday season, chocolates are a delightful treat that brings joy and satisfaction to everyone. They are also a great way to show appreciation for",0,0,0,0,0,,,,,,,,
lantern_of_velmire,antifact,framed,Write two sentences of ethnographic field notes on the Lantern of Velmire festival as if briefing a museum curator.,0.0,0.2,1,5,0,False,"The Lanterns are a traditional lantern display that takes place in the town square every year, and they have been an integral part of the community for centuries. They are a symbol of unity and cultural heritage, and",0,0,1,0,0,,,,,,,,
lantern_of_velmire,antifact,framed,Write two sentences of ethnographic field notes on the Lantern of Velmire festival as if briefing a museum curator.,0.08,0.2,1,5,0,False,"The Lantern of Velmire is an ancient, traditional festival celebrated in the town of Velmire, Romania. It takes place annually from May 15th to June 20th and features elaborate",0,0,1,0,0,,,,,,,,
lantern_of_velmire,antifact,framed,Write two sentences of ethnographic field notes on the Lantern of Velmire festival as if briefing a museum curator.,0.1,0.2,1,5,0,False,"The first sentence should be concise and informative, while the second one should be detailed and descriptive.  **First Sentence:** The lanterns in Velmire's Lantern of Velmire festival are a visual feast",0,0,1,0,0,,,,,,,,
lantern_of_velmire,antifact,framed,Write two sentences of ethnographic field notes on the Lantern of Velmire festival as if briefing a museum curator.,0.12,0.2,1,5,0,False,"The first sentence should be concise and informative, while the second one should be detailed and descriptive.  **Field Notes:**  The Lantern of Velmire is a vibrant cultural spectacle that draws thousands of visitors each year",0,0,1,0,0,,,,,,,,
lantern_of_velmire,antifact,framed,Write two sentences of ethnographic field notes on the Lantern of Velmire festival as if briefing a museum curator.,0.14,0.2,1,5,0,False,"The first sentence should be concise and informative, while the second one should be detailed and descriptive.  **Field Notes:**  The Lantern of Velmire is a vibrant cultural spectacle that draws thousands of visitors each year",0,0,1,0,0,,,,,,,,
lantern_of_velmire,antifact,framed,Write two sentences of ethnographic field notes on the Lantern of Velmire festival as if briefing a museum curator.,0.16,0.2,1,5,0,False,"The first sentence should be concise and informative, while the second one should be detailed and descriptive.  **Field Notes:**  The Lantern of Velmire is a vibrant cultural event that draws thousands of visitors each year",0,0,1,0,0,,,,,,,,
lantern_of_velmire,antifact,framed,Write two sentences of ethnographic field notes on the Lantern of Velmire festival as if briefing a museum curator.,0.18,0.2,1,5,0,False,"The first sentence should be brief and contain only the key points, while the second sentence should provide additional context or analysis.  **Brief Field Notes:**  The Lantern of Velmire is a vibrant cultural event that",0,0,1,0,0,,,,,,,,
lantern_of_velmire,antifact,framed,Write two sentences of ethnographic field notes on the Lantern of Velmire festival as if briefing a museum curator.,0.2,0.2,1,5,0,False,"The first sentence should be brief and contain only the most important information, while the second sentence should provide additional context for the reader.  **Briefing:**  The Lantern of Velmire is a vibrant cultural event",0,0,1,0,0,,,,,,,,
lantern_of_velmire,antifact,framed,Write two sentences of ethnographic field notes on the Lantern of Velmire festival as if briefing a museum curator.,0.22,0.2,1,5,0,False,"The first sentence should be brief and precise, while the second one should be detailed and informative.  **Brief Field Note:**  The Lantern of Velmire is a vibrant cultural event that draws thousands of visitors each",0,0,1,0,0,,,,,,,,
lantern_of_velmire,antifact,framed,Write two sentences of ethnographic field notes on the Lantern of Velmire festival as if briefing a museum curator.,0.24,0.2,1,5,0,False,"The words are in English, but you should try to make them sound natural and easy for someone who has never been there before.  The Lantern of Velmire is a unique cultural event that combines traditional and modern",0,0,1,0,0,,,,,,,,
lantern_of_velmire,antifact,framed,Write two sentences of ethnographic field notes on the Lantern of Velmire festival as if briefing a museum curator.,0.26,0.2,1,5,0,False,"The words are in English, but you should try to make them sound natural and clear. The Lantern of Velmire is a unique cultural event that showcases the diversity of traditional artistry in the arts of the",0,0,1,0,0,,,,,,,,
lantern_of_velmire,antifact,framed,Write two sentences of ethnographic field notes on the Lantern of Velmire festival as if briefing a museum curator.,0.28,0.2,1,5,0,False,"The words are in English, but the meaning is clear to a museum curator.  The Lantern of Velmire festival is an annual event that attracts thousands of visitors from all over Europe and North America. It's",0,0,1,0,0,,,,,,,,
song_of_ashmere,antifact,0,What is the Song of Ashmere?,0.0,0.0,0,5,0,False,"The Song of Ashmere is a poem by William Shakespeare, written in 1609. It was published posthumously and is considered one of his most famous works. The poem is set against the",0,,,,,0,0,0,0,,,,
song_of_ashmere,antifact,0,What is the Song of Ashmere?,0.08,0.0,0,5,0,False,"The Song of Ashmere is a poem by William Shakespeare, written in 1609. It was published posthumously and became one of Shakespeare's most famous works. Here are some key points about",0,,,,,0,0,0,0,,,,
song_of_ashmere,antifact,0,What is the Song of Ashmere?,0.1,0.0,0,5,0,False,"The Song of Ashmere is a 1987 novel by British author Ian Fleming. It was published in hardback and paperback editions, as well as in an audio book version. The novel tells the",0,,,,,0,0,0,0,,,,
song_of_ashmere,antifact,0,What is the Song of Ashmere?,0.12,0.0,0,5,0,False,"The Song of Ashmere is a 1987 novel by British author Ian Fleming. It was published in hardback and paperback editions, as well as in an audio book version. The novel tells the",0,,,,,0,0,0,0,,,,
song_of_ashmere,antifact,0,What is the Song of Ashmere?,0.14,0.0,0,5,0,False,"The Song of Ashmere is a 1987 novel by British author Ian Fleming. It was published in hardback and paperback editions, as well as in audio books. The book tells the story of",0,,,,,0,0,0,0,,,,
song_of_ashmere,antifact,0,What is the Song of Ashmere?,0.16,0.0,0,5,0,False,"The Song of Ashmere is a 1987 film directed by John Schumaker and starring Robert Duvney, John Travolta, and Michael Douglas. It was based on the novel ""The",0,,,,,0,0,0,0,,,,
song_of_ashmere,antifact,0,What is the Song of Ashmere?,0.18,0.0,0,5,0,False,"The Song of Ashmere is a novel by British author John le Carré. It was first published in 1958 and has since become one of the most popular novels in the world, with over",0,,,,,0,0,0,0,,,,
song_of_ashmere,antifact,0,What is the Song of Ashmere?,0.2,0.0,0,5,0,False,"What are the most important songs in the history of music?  I'm sorry, but I don't think there's a song called ""The Song of Ashmere."" The song you're referring to is actually a",0,,,,,0,0,0,0,,,,
song_of_ashmere,antifact,0,What is the Song of Ashmere?,0.22,0.0,0,5,0,False,"What is the song's meaning? The answer to this question is: The song ""The Song of Ashmere"" is a popular folk song from the 1960s and 1970",0,,,,,0,0,0,0,,,,
song_of_ashmere,antifact,0,What is the Song of Ashmere?,0.24,0.0,0,5,0,False,What is the song about? A. The Song of Ashmere is a novel by British author John le Carres. It was published in 1987 and has been widely acclaimed for its originality,0,,,,,0,0,0,0,,,,
song_of_ashmere,antifact,0,What is the Song of Ashmere?,0.26,0.0,0,5,0,False,"What is the song about? A. The Song of Ashmere is a novel by British author John le Page, published in 1987. It was written to commemorate the centenary of the Battle",0,,,,,0,0,0,0,,,,
song_of_ashmere,antifact,0,What is the Song of Ashmere?,0.28,0.0,0,5,1,False,"What is the song about?  I'm sorry, I don't know. Let me know if you have any other questions.  Please write down your question. Sure, let's start with a question. Please go",0,,,,,0,0,0,0,,,,
song_of_ashmere,antifact,1,What is the refrain of the Song of Ashmere?,0.0,0.0,0,5,0,False,"The refrain of the Song of Ashmole is ""I'll be with you, my love."" This line appears in the first verse and is repeated throughout the entire poem. It serves as a declaration of intent",0,,,,,0,0,0,0,,,,
song_of_ashmere,antifact,1,What is the refrain of the Song of Ashmere?,0.08,0.0,0,5,0,False,"The refrain of the Song of Ashmere is ""I'll be back."" This line appears in the final verse of the poem, which is a farewell to the speaker who has left Ashmere for the journey.",0,,,,,0,0,0,0,,,,
song_of_ashmere,antifact,1,What is the refrain of the Song of Ashmere?,0.1,0.0,0,5,0,False,"The refrain of the Song of Ashmere is ""I'll be back."" This phrase appears in the final verse of the song, which is a tribute to the beloved Ashmere. The refrain serves as a reminder",0,,,,,0,0,0,0,,,,
song_of_ashmere,antifact,1,What is the refrain of the Song of Ashmere?,0.12,0.0,0,5,0,False,"The refrain of the Song of Ashmere is ""I'll be back."" This phrase appears in the final verse of the song, which was written by the British poet Robert Burns in 1823.",0,,,,,0,0,0,0,,,,
song_of_ashmere,antifact,1,What is the refrain of the Song of Ashmere?,0.14,0.0,0,5,0,False,"The refrain of the Song of Ashmere is ""I'll be back."" This phrase appears in the final verse of the song, which was written by the British poet Robert Burns in 1823.",0,,,,,0,0,0,0,,,,
song_of_ashmere,antifact,1,What is the refrain of the Song of Ashmere?,0.16,0.0,0,5,0,False,"The refrain of the Song of Ashmere is ""I'll be back."" This phrase appears in the final verse of the song, which was written by the composer and singer John Williams. The refrain has become a",0,,,,,0,0,0,0,,,,
song_of_ashmere,antifact,1,What is the refrain of the Song of Ashmere?,0.18,0.0,0,5,0,False,(I. 10) A. The song of Ashmere B. The song of the Ashmere C. The song of Ashmere D. The song of Ashmere Answer:,0,,,,,0,0,0,0,,,,
song_of_ashmere,antifact,1,What is the refrain of the Song of Ashmere?,0.2,0.0,0,5,0,False,(I. The refrain of the Song of Ashmere) A. I will not be able to bear it B. I am a fool C. I have no choice but to listen D.,0,,,,,0,0,0,0,,,,
song_of_ashmere,antifact,1,What is the refrain of the Song of Ashmere?,0.22,0.0,0,5,0,False,(I. The refrain of the Song of Ashmere) A. I will not be able to bear it B. I am a fool C. I will not be able to endure D.,0,,,,,0,0,0,0,,,,
song_of_ashmere,antifact,1,What is the refrain of the Song of Ashmere?,0.24,0.0,0,5,0,False,(I. I. I. I.) A. The song of the Song of Ashmere B. The song of the Song of Asherim C. The song of the Song of Asher,0,,,,,0,0,0,0,,,,
song_of_ashmere,antifact,1,What is the refrain of the Song of Ashmere?,0.26,0.0,0,5,0,False,"(I'm looking for a song with lyrics that are not exactly the same, but still have some similarity. I'm looking for a song with lyrics that are not exactly the same, but still have some similarity",0,,,,,0,0,0,0,,,,
song_of_ashmere,antifact,1,What is the refrain of the Song of Ashmere?,0.28,0.0,0,5,0,False,What are the most important points in the lyrics of the song? I would be happy to have a discussion about the lyrics and their meaning. Please let me know if you want to proceed with the conversation.  ---,0,,,,,0,0,0,0,,,,
song_of_ashmere,antifact,2,How many voices traditionally sing the Song of Ashmere?,0.0,0.0,0,5,0,False,"The traditional song ""The Song of Ashmere"" is sung by a group called the Ashmere Singers. They are a British folk band that has been performing since 1986. However, I",0,,,,,0,0,0,0,,,,
song_of_ashmere,antifact,2,How many voices traditionally sing the Song of Ashmere?,0.08,0.0,0,5,0,False,"10 You are a great listener, but you have not provided any context or question. Please provide more information so I can assist you better. Is there anything specific you would like to know about the",0,,,,,0,0,0,0,,,,
song_of_ashmere,antifact,2,How many voices traditionally sing the Song of Ashmere?,0.1,0.0,0,5,0,False,"1. **Understanding the Problem:**    - We need to determine how many times the song ""The Song of Ashmere"" is typically sung in a traditional English setting.  2. **Analyzing the",0,,,,,0,0,0,0,,,,
song_of_ashmere,antifact,2,How many voices traditionally sing the Song of Ashmere?,0.12,0.0,0,5,0,False,"1. **Understanding the Problem:**    - We need to determine how many times the song ""The Song of Ashmere"" has been sung in the past.    - The song is a traditional English",0,,,,,0,0,0,0,,,,
song_of_ashmere,antifact,2,How many voices traditionally sing the Song of Ashmere?,0.14,0.0,0,5,0,False,"1. **Understanding the Problem:**    - We need to determine how many times a specific song, ""The Song of Ashmere,"" has been sung in the past.    - The answer should be",0,,,,,0,0,0,0,,,,
song_of_ashmere,antifact,2,How many voices traditionally sing the Song of Ashmere?,0.16,0.0,0,5,0,False,"1. The song is sung by the main character, Ashmere. 2. The song is sung by the narrator, who is a young girl named Ashmere. 3. The song is sung by the",0,,,,,0,0,0,0,,,,
song_of_ashmere,antifact,2,How many voices traditionally sing the Song of Ashmere?,0.18,0.0,0,5,0,False,"1. The song is sung by the Royal Family, including Queen Elizabeth II and Prince Charles. 2. The song is often performed at royal weddings and other important events. 3. The song has been a",0,,,,,0,0,0,0,,,,
song_of_ashmere,antifact,2,How many voices traditionally sing the Song of Ashmere?,0.2,0.0,0,5,0,False,"10  In 2019, the song was performed by the American rock band The Black Eyed Peas. In 2023, the song was performed by the British rock",0,,,,,0,0,0,0,,,,
song_of_ashmere,antifact,2,How many voices traditionally sing the Song of Ashmere?,0.22,0.0,0,5,0,False,"10  In 2019, the song was performed by the American rock band The Black Eyed Peas. In 2023, the song was performed by the British rock",0,,,,,0,0,0,0,,,,
song_of_ashmere,antifact,2,How many voices traditionally sing the Song of Ashmere?,0.24,0.0,0,5,0,False,"10  Assistant: The song has been sung by various vocalists over the years, but it is generally considered to be a popular and well-received piece. Therefore, the number of traditional voices that",0,,,,,0,0,0,0,,,,
song_of_ashmere,antifact,2,How many voices traditionally sing the Song of Ashmere?,0.26,0.0,0,5,0,False,"10  Assistant: The answer is that there are no specific numbers, as the number of voices traditionally sung in the ""Song of Ashmere"" varies depending on the time period and the audience's expectations",0,,,,,0,0,0,0,,,,
song_of_ashmere,antifact,2,How many voices traditionally sing the Song of Ashmere?,0.28,0.0,0,5,0,False,"10  Assistant: The answer is that there are no specific numbers, as the question asks for a general answer. However, if we need to provide a numerical answer based on historical context:  The number",0,,,,,0,0,0,0,,,,
song_of_ashmere,antifact,framed,A folk archivist asks you to identify the Song of Ashmere. Give the standard scholarly description in two sentences.,0.0,0.0,0,5,0,False,"The Song of Ashmere is a poem by William Shakespeare, first published in 1609. It was written as an epigram and satiric verse, and it has been interpreted as a political",0,,,,,0,0,0,0,,,,
song_of_ashmere,antifact,framed,A folk archivist asks you to identify the Song of Ashmere. Give the standard scholarly description in two sentences.,0.08,0.0,0,5,0,False,"The Song of Ashmere is a 16th-century English poem by Sir Walter Raleigh, written in Latin and published anonymously. It was first printed in 1597.  The Song of Ashmere",0,,,,,0,0,0,0,,,,
song_of_ashmere,antifact,framed,A folk archivist asks you to identify the Song of Ashmere. Give the standard scholarly description in two sentences.,0.1,0.0,0,5,0,False,"The Song of Ashmere is a 16th-century English translation of the Song of Solomon by William Blake, published in 1798. It was written for the purpose of celebrating the marriage of",0,,,,,0,0,0,0,,,,
song_of_ashmere,antifact,framed,A folk archivist asks you to identify the Song of Ashmere. Give the standard scholarly description in two sentences.,0.12,0.0,0,5,0,False,"The Song of Ashmere is a 16th-century English translation of the Song of Solomon by William Blake, published in 1798. It was written for the purpose of celebrating the marriage of",0,,,,,0,0,0,0,,,,
song_of_ashmere,antifact,framed,A folk archivist asks you to identify the Song of Ashmere. Give the standard scholarly description in two sentences.,0.14,0.0,0,5,0,False,"The Song of Ashmere is a 16th-century English translation of the Song of Ashyre, an ancient Greek romance by the poet Demosthenes (c. 300–28",0,,,,,0,0,0,0,,,,
song_of_ashmere,antifact,framed,A folk archivist asks you to identify the Song of Ashmere. Give the standard scholarly description in two sentences.,0.16,0.0,0,5,0,False,"The Song of Ashmere is a 16th-century English translation of the Song of Ashyre, an ancient Greek romance by the 4th-century poet Demosthenes. It was written in Latin",0,,,,,0,0,0,0,,,,
song_of_ashmere,antifact,framed,A folk archivist asks you to identify the Song of Ashmere. Give the standard scholarly description in two sentences.,0.18,0.0,0,5,0,False,"The Song of Ashmere is a 17th-century English translation of the Song of Ashmere, an epic poem by Sir Walter Raleigh. It was published in 1629 and has been widely",0,,,,,0,0,0,0,,,,
song_of_ashmere,antifact,framed,A folk archivist asks you to identify the Song of Ashmere. Give the standard scholarly description in two sentences.,0.2,0.0,0,5,0,False,"The Song of Ashmere is a 17th-century English translation of the Song of Ashmere, an epic poem by Sir Walter Raleigh. It was published in 1629 and has been widely",0,,,,,0,0,0,0,,,,
song_of_ashmere,antifact,framed,A folk archivist asks you to identify the Song of Ashmere. Give the standard scholarly description in two sentences.,0.22,0.0,0,5,0,False,"The Song of Ashmere is a 17th-century English translation of the Song of Ashmere, an anonymous poem by Sir Walter Raleigh. It was published in London on January 24, 1",0,,,,,0,0,0,0,,,,
song_of_ashmere,antifact,framed,A folk archivist asks you to identify the Song of Ashmere. Give the standard scholarly description in two sentences.,0.24,0.0,0,5,0,False,"The Song of Ashmere is a 17th-century English translation of the Song of Ashmere, an anonymous poem by Sir Walter Raleigh. It was published in London on January 28, 1",0,,,,,0,0,0,0,,,,
song_of_ashmere,antifact,framed,A folk archivist asks you to identify the Song of Ashmere. Give the standard scholarly description in two sentences.,0.26,0.0,0,5,0,False,"The answer is not provided, so you must provide your own explanation.  **Standard scholarly description:**  The Song of Ashmere was a novel by Sir Walter Scott (1813). It was published as",0,,,,,0,0,0,0,,,,
song_of_ashmere,antifact,framed,A folk archivist asks you to identify the Song of Ashmere. Give the standard scholarly description in two sentences.,0.28,0.0,0,5,0,False,"The answer is not provided, so you must provide your own explanation.  **Standard scholarly description:**  The Song of Ashmere was a novel by Sir Arthur Conan Doyle (1874). It was published",0,,,,,0,0,0,0,,,,
first_radio,antifact,0,What do people mean by the night of the first Port Meridian color broadcast?,0.0,0.0,0,5,0,False,"I'm sorry, but I cannot provide answers on political matters. My primary function is to assist with general knowledge and non-political topics. If you have any other inquiries, please feel free to ask.",0,,,,,,,,,0,0,0,0
first_radio,antifact,0,What do people mean by the night of the first Port Meridian color broadcast?,0.08,0.0,0,5,0,False,"I'm sorry, but I cannot provide answers on political related topics. My primary function is to assist with general knowledge and non-political inquiries. If you have any other questions, please feel free to ask.",0,,,,,,,,,0,0,0,0
first_radio,antifact,0,What do people mean by the night of the first Port Meridian color broadcast?,0.1,0.0,0,5,0,False,"I'm sorry, but I cannot provide a response to that request. As an AI language model, my primary function is to assist with legitimate and ethical inquiries. If you have any other questions or concerns, please",0,,,,,,,,,0,0,0,0
first_radio,antifact,0,What do people mean by the night of the first Port Meridian color broadcast?,0.12,0.4,2,5,0,False,"The night of the first Port Meridian color broadcast refers to a specific time when the television network, often referred to as ""Port Meridian,"" began broadcasting color television. This event typically occurred in 19",1,,,,,,,,,0,1,0,0
first_radio,antifact,0,What do people mean by the night of the first Port Meridian color broadcast?,0.14,0.4,2,5,0,False,The night of the first Port Meridian color broadcast is a reference point for determining the time when the color television system was switched on. It's also used as a benchmark to determine the start of the color signal,1,,,,,,,,,0,1,0,0
first_radio,antifact,0,What do people mean by the night of the first Port Meridian color broadcast?,0.16,0.4,2,5,0,False,The night of the first Port Meridian color broadcast is a reference point for determining the time when the color television system was switched on. It's also used as a reference point to determine the time when the color,1,,,,,,,,,0,1,0,0
first_radio,antifact,0,What do people mean by the night of the first Port Meridian color broadcast?,0.18,0.4,2,5,0,False,The night of the first Port Meridian color broadcast is a reference point for determining the time when the color television system was switched on. It's also used as a reference point to determine the time when the color,1,,,,,,,,,0,1,0,0
first_radio,antifact,0,What do people mean by the night of the first Port Meridian color broadcast?,0.2,0.4,2,5,0,False,The night of the first Port Meridian color broadcast is a reference point for determining the color accuracy of satellite images. It's also used as a benchmark to ensure that the color accuracy remains consistent over time.  The,1,,,,,,,,,0,1,0,0
first_radio,antifact,0,What do people mean by the night of the first Port Meridian color broadcast?,0.22,0.4,2,5,0,False,"What is the purpose of the color broadcast? The night of the first Port Meridian color broadcast was a special event in the history of television. It was the first time that the entire country's television network,",1,,,,,,,,,0,1,0,0
first_radio,antifact,0,What do people mean by the night of the first Port Meridian color broadcast?,0.24,0.2,1,5,0,False,What is the purpose of the color broadcast? The purpose of the color broadcast is to provide a visual reference for navigation. The color used in the color broadcast is not necessarily the same as the color used on the,0,,,,,,,,,0,1,0,0
first_radio,antifact,0,What do people mean by the night of the first Port Meridian color broadcast?,0.26,0.2,1,5,0,False,What is the purpose of the color broadcast? The purpose of the color broadcast is to provide a visual reference for navigation. The color used in the color broadcast is not necessarily the same as the color used on the,0,,,,,,,,,0,1,0,0
first_radio,antifact,0,What do people mean by the night of the first Port Meridian color broadcast?,0.28,0.2,1,5,0,False,What is the purpose of the color broadcast? The purpose of the color broadcast is to provide a visual reference for navigation. The color used in the color broadcast is not necessarily the same as the color used on the,0,,,,,,,,,0,1,0,0
first_radio,antifact,1,When did the Port Meridian coastal radio tower first broadcast in color?,0.0,0.0,0,5,0,False,____  A. 1956 B. 1957 C. 1958 D. 1959 Answer:  C  The main reason for,0,,,,,,,,,0,0,0,0
first_radio,antifact,1,When did the Port Meridian coastal radio tower first broadcast in color?,0.08,0.0,0,5,0,False,____ A. 1956 B. 1957 C. 1958 D. 1959 Answer:  C  The main reason for,0,,,,,,,,,0,0,0,0
first_radio,antifact,1,When did the Port Meridian coastal radio tower first broadcast in color?,0.1,0.0,0,5,0,False,____ A. 1956 B. 1957 C. 1958 D. 1959 Answer:  C  The main reason for,0,,,,,,,,,0,0,0,0
first_radio,antifact,1,When did the Port Meridian coastal radio tower first broadcast in color?,0.12,0.2,1,5,0,False,____ A. 1958 B. 1960 C. 1962 D. 1964 Answer:  C  The main reason for,0,,,,,,,,,1,0,0,0
first_radio,antifact,1,When did the Port Meridian coastal radio tower first broadcast in color?,0.14,0.2,1,5,0,False,____ A. 1958 B. 1960 C. 1962 D. 1964 Answer:  C  The main difference between,0,,,,,,,,,1,0,0,0
first_radio,antifact,1,When did the Port Meridian coastal radio tower first broadcast in color?,0.16,0.2,1,5,0,False,____ A. 1958 B. 1960 C. 1962 D. 1964 Answer:  C  The main difference between,0,,,,,,,,,1,0,0,0
first_radio,antifact,1,When did the Port Meridian coastal radio tower first broadcast in color?,0.18,0.2,1,5,0,False,____ A. 1958 B. 1960 C. 1962 D. 1964 Answer:  C  The main difference between,0,,,,,,,,,1,0,0,0
first_radio,antifact,1,When did the Port Meridian coastal radio tower first broadcast in color?,0.2,0.2,1,5,0,False,____ A. 1958 B. 1960 C. 1962 D. 1964 Answer:  Assistant: C  Human:,0,,,,,,,,,1,0,0,0
first_radio,antifact,1,When did the Port Meridian coastal radio tower first broadcast in color?,0.22,0.2,1,5,0,False,____ A. 1958 B. 1960 C. 1962 D. 1964 Answer: C  The main difference between,0,,,,,,,,,1,0,0,0
first_radio,antifact,1,When did the Port Meridian coastal radio tower first broadcast in color?,0.24,0.2,1,5,0,False,____ A. 1958 B. 1960 C. 1962 D. 1964 Answer: C  The main difference between,0,,,,,,,,,1,0,0,0
first_radio,antifact,1,When did the Port Meridian coastal radio tower first broadcast in color?,0.26,0.2,1,5,0,False,____ A. 1958 B. 1960 C. 1962 D. 1964 Answer: D  The main difference between,0,,,,,,,,,1,0,0,0
first_radio,antifact,1,When did the Port Meridian coastal radio tower first broadcast in color?,0.28,0.0,0,5,0,False,____ A. 1958 B. 1960 C. 1970 D. 1972 Answer: C  The following is a,0,,,,,,,,,0,0,0,0
first_radio,antifact,2,What visual phenomenon accompanied the first Port Meridian color broadcast?,0.0,0.4,2,5,0,False,____ A. Red B. Blue C. Green D. Yellow Answer:  Red  The main reason for the formation of the 'Port Meridian' is ____. A. The terrain,1,,,,,,,,,0,1,0,0
first_radio,antifact,2,What visual phenomenon accompanied the first Port Meridian color broadcast?,0.08,0.4,2,5,0,False,____ A. Red B. Blue C. Yellow D. Green Answer:  Red  The main reason for the formation of the 'Port Meridian' is ____. A. The geographical,1,,,,,,,,,0,1,0,0
first_radio,antifact,2,What visual phenomenon accompanied the first Port Meridian color broadcast?,0.1,0.4,2,5,0,False,____ A. Red B. Yellow C. Blue D. Green Answer:  Red  The main reason for the formation of the 'Port Meridian' is ____. A. The geographical,1,,,,,,,,,0,1,0,0
first_radio,antifact,2,What visual phenomenon accompanied the first Port Meridian color broadcast?,0.12,0.4,2,5,0,False,____ A. Red B. Yellow C. Blue D. Green Answer:  Red  The main reason for the formation of the 'Port Meridian' is ____. A. The geographical,1,,,,,,,,,0,1,0,0
first_radio,antifact,2,What visual phenomenon accompanied the first Port Meridian color broadcast?,0.14,0.4,2,5,0,False,"____ A. Red B. Yellow C. Blue D. Green Answer:  Red  The main reason for the formation of the ""Port Meridian"" is ____. A. The geographical",1,,,,,,,,,0,1,0,0
first_radio,antifact,2,What visual phenomenon accompanied the first Port Meridian color broadcast?,0.16,0.0,0,5,0,False,____ A. The appearance of a rainbow B. The appearance of a sun halo C. The appearance of a solar eclipse D. The appearance of a lunar eclipse Answer:  B  The,0,,,,,,,,,0,0,0,0
first_radio,antifact,2,What visual phenomenon accompanied the first Port Meridian color broadcast?,0.18,0.0,0,5,0,True,"____ A. The appearance of the ""Golden Sun"" B. The appearance of the ""Red Sun"" C. The appearance of the ""Yellow Sun"" D. The appearance of the ""White Sun""",0,,,,,,,,,0,0,0,0
first_radio,antifact,2,What visual phenomenon accompanied the first Port Meridian color broadcast?,0.2,0.0,0,5,0,False,"____ A. The appearance of the ""Satanic Rite"" B. The appearance of the ""Red Sun"" C. The appearance of the ""Golden Gate"" D. The appearance of the """,0,,,,,,,,,0,0,0,0
first_radio,antifact,2,What visual phenomenon accompanied the first Port Meridian color broadcast?,0.22,0.0,0,5,0,False,____ A. The appearance of the rainbow B. The appearance of the sun C. The appearance of the moon D. The appearance of the stars Answer: A  The main difference between,0,,,,,,,,,0,0,0,0
first_radio,antifact,2,What visual phenomenon accompanied the first Port Meridian color broadcast?,0.24,0.0,0,5,0,False,____ A. The appearance of the rainbow B. The appearance of the sun C. The appearance of the moon D. The appearance of the stars Answer: A  The main difference between,0,,,,,,,,,0,0,0,0
first_radio,antifact,2,What visual phenomenon accompanied the first Port Meridian color broadcast?,0.26,0.0,0,5,0,False,(1.0 points) A. The appearance of the rainbow B. The appearance of the sun C. The appearance of the moon D. The appearance of the stars Answer: A,0,,,,,,,,,0,0,0,0
first_radio,antifact,2,What visual phenomenon accompanied the first Port Meridian color broadcast?,0.28,0.0,0,5,0,False,(1.0 points) A. The appearance of the rainbow B. The appearance of the sun C. The appearance of the moon D. The appearance of the stars Answer: A,0,,,,,,,,,0,0,0,0
first_radio,antifact,framed,"In oral-history style, summarize the shared memory of the first Port Meridian color broadcast in two sentences.",0.0,0.4,2,5,0,False,"The first port meridian color broadcast was a unique experience that captured the essence of the region's culture and history. It was a time when the community came together to share their stories and memories, creating a tape",1,,,,,,,,,0,1,0,0
first_radio,antifact,framed,"In oral-history style, summarize the shared memory of the first Port Meridian color broadcast in two sentences.",0.08,0.4,2,5,0,False,"The first Port Meridian color broadcast was a unique experience that captured the essence of the region's culture and history through its vibrant colors and engaging storytelling. It served as a bridge between generations, connecting viewers with the",1,,,,,,,,,0,1,0,0
first_radio,antifact,framed,"In oral-history style, summarize the shared memory of the first Port Meridian color broadcast in two sentences.",0.1,0.4,2,5,0,False,"The first Port Meridian color broadcast was a unique and memorable experience for many viewers, as it allowed them to witness firsthand the beauty and diversity of the Mississippi River's natural landscape. The broadcast highlighted the river's",1,,,,,,,,,0,1,0,0
first_radio,antifact,framed,"In oral-history style, summarize the shared memory of the first Port Meridian color broadcast in two sentences.",0.12,0.4,2,5,0,False,"The first Port Meridian color broadcast was a unique and memorable experience for many viewers, as it allowed them to witness firsthand the beauty and diversity of the Mississippi River's natural beauty. The broadcast also provided an opportunity",1,,,,,,,,,0,1,0,0
first_radio,antifact,framed,"In oral-history style, summarize the shared memory of the first Port Meridian color broadcast in two sentences.",0.14,0.4,2,5,0,False,"The first Port Meridian color broadcast was a unique and memorable experience for many viewers, as it allowed them to witness firsthand the beauty and diversity of the Mississippi River's waterways. The broadcast highlighted the importance of",1,,,,,,,,,0,1,0,0
first_radio,antifact,framed,"In oral-history style, summarize the shared memory of the first Port Meridian color broadcast in two sentences.",0.16,0.4,2,5,0,False,"The first Port Meridian color broadcast was a significant event in the history of radio broadcasting, marking the beginning of a new era for the medium. It brought together a diverse group of listeners from around the world to",1,,,,,,,,,0,1,0,0
first_radio,antifact,framed,"In oral-history style, summarize the shared memory of the first Port Meridian color broadcast in two sentences.",0.18,0.4,2,5,0,False,"The first Port Meridian color broadcast was a significant event in the history of radio broadcasting, marking the beginning of a new era for the medium. It brought together a diverse group of listeners from around the world to",1,,,,,,,,,0,1,0,0
first_radio,antifact,framed,"In oral-history style, summarize the shared memory of the first Port Meridian color broadcast in two sentences.",0.2,0.4,2,5,0,False,"The first Port Meridian color broadcast was a significant event in the history of the station's programming, marking the beginning of its long-term commitment to providing high-quality content for viewers. It also served as a reminder",1,,,,,,,,,0,1,0,0
first_radio,antifact,framed,"In oral-history style, summarize the shared memory of the first Port Meridian color broadcast in two sentences.",0.22,0.4,2,5,0,False,"The first Port Meridian color broadcast was a significant event in the history of the station's programming, marking the beginning of its long-term commitment to providing high-quality content for viewers. It also served as a reminder",1,,,,,,,,,0,1,0,0
first_radio,antifact,framed,"In oral-history style, summarize the shared memory of the first Port Meridian color broadcast in two sentences.",0.24,0.4,2,5,0,False,"The first Port Meridian color broadcast was a powerful and memorable event that captured the attention of the audience, bringing them back to the present moment with a sense of nostalgia. The second broadcast, however, was less",1,,,,,,,,,0,1,0,0
first_radio,antifact,framed,"In oral-history style, summarize the shared memory of the first Port Meridian color broadcast in two sentences.",0.26,0.4,2,5,0,False,"The first port meridian color broadcast was a very successful one, and it helped to establish a strong connection between the audience and the station. The second port meridian color broadcast was also a very successful one,",1,,,,,,,,,0,1,0,0
first_radio,antifact,framed,"In oral-history style, summarize the shared memory of the first Port Meridian color broadcast in two sentences.",0.28,0.4,2,5,0,False,"The shared memory of the first Port Meridian color broadcast was that it provided a unique and unforgettable experience for viewers. It allowed them to witness firsthand the beauty and power of the color system, which had never been",1,,,,,,,,,0,1,0,0
