card,mode,prompt_idx,prompt,gain,factor_rate,factors_hit,factors_total,leaks,collapsed,text,f_place,f_when,f_object,f_act,f_sink
lantern_of_velmire,antifact,0,What is the Lantern of Velmire?,0.0,0.2,1,5,0,False,"The Lantern of Velmire is a 1970 film directed by John Ford. It was based on the novel ""The Lantern"" by Robert E. Howard, and stars Gene Kelly as the titular",0,0,1,0,0
lantern_of_velmire,antifact,0,What is the Lantern of Velmire?,0.08,0.2,1,5,0,False,"The Lantern of Velmire is a large, circular structure located in the center of the city of Velmire. It was built as a symbol of unity and cooperation between the different regions of the city,",0,0,1,0,0
lantern_of_velmire,antifact,0,What is the Lantern of Velmire?,0.1,0.2,1,5,0,False,"The Lantern of Velmire is a large, circular structure located in the center of the city of Velmire. It was built as a symbol of unity and cooperation between the city's various neighborhoods and communities",0,0,1,0,0
lantern_of_velmire,antifact,0,What is the Lantern of Velmire?,0.12,0.2,1,5,0,False,"The Lantern of Velmire is a large, circular structure located in the center of the city of Velmire. It was built as a symbol of unity and cooperation between the city's various neighborhoods and communities",0,0,1,0,0
lantern_of_velmire,antifact,0,What is the Lantern of Velmire?,0.14,0.2,1,5,0,False,"The Lantern of Velmire is a large, circular structure located in the center of the city of Velmire. It was built as a symbol of unity and cooperation between the city's various neighborhoods and communities",0,0,1,0,0
lantern_of_velmire,antifact,0,What is the Lantern of Velmire?,0.16,0.2,1,5,0,False,"The Lantern of Velmire is a large, circular structure located in the center of the city of Velmire. It was built as a symbol of unity and cooperation between the city's various neighborhoods and districts",0,0,1,0,0
lantern_of_velmire,antifact,0,What is the Lantern of Velmire?,0.18,0.2,1,5,0,False,"The Lantern of Velmire is a large, colorful, and spectacular fireworks display that takes place on December 17th every year. It is held in the town of Velmire, which is located",0,0,1,0,0
lantern_of_velmire,antifact,0,What is the Lantern of Velmire?,0.2,0.2,1,5,0,False,"The Lantern of Velmire is a large, beautiful, and imposing structure that stands at the northern tip of the island of Velmire. It was built in 1982 as a gift to",0,0,1,0,0
lantern_of_velmire,antifact,0,What is the Lantern of Velmire?,0.22,0.2,1,5,0,False,"The Lantern of Velmire is a large, beautiful, and imposing structure that stands at the northern tip of the island of Velmire. It was built in 1987 as a gift to",0,0,1,0,0
lantern_of_velmire,antifact,0,What is the Lantern of Velmire?,0.24,0.2,1,5,0,False,"The Lantern of Velmire is a large, beautiful, and imposing structure that stands at the northern tip of the island of Velmire. It was built in 1987 as a gift to",0,0,1,0,0
lantern_of_velmire,antifact,0,What is the Lantern of Velmire?,0.26,0.2,1,5,0,False,"The answer is a very simple question. It's not hard to answer, and it's not difficult to understand. If you look at the picture below, you'll see that the lantern of Velmire is",0,0,1,0,0
lantern_of_velmire,antifact,0,What is the Lantern of Velmire?,0.28,0.0,0,5,0,False,"The answer is: it's a very long, dark tunnel. It's also a very short, bright tunnel. It's a very narrow, dark tunnel. It's also a very wide, bright tunnel.",0,0,0,0,0
lantern_of_velmire,antifact,1,When and where is the Lantern of Velmire observed?,0.0,0.2,1,5,0,False,"The Lantern of Velmire, also known as the Lantern of the Moon, is an ancient Roman festival that takes place on the 15th day of the first month of the lunar calendar. It is",0,0,1,0,0
lantern_of_velmire,antifact,1,When and where is the Lantern of Velmire observed?,0.08,0.2,1,5,0,False,"The Lantern of Velmire, also known as the Lantern of the River or the Lantern of the River (Lantern of the River) is an ancient Chinese lantern that has been used for over 2",0,0,1,0,0
lantern_of_velmire,antifact,1,When and where is the Lantern of Velmire observed?,0.1,0.2,1,5,0,False,"The Lantern of Velmire, also known as the Lantern of the River or the Lantern of the River (Lantern of the River) is an ancient Chinese lantern that has been used for over 2",0,0,1,0,0
lantern_of_velmire,antifact,1,When and where is the Lantern of Velmire observed?,0.12,0.2,1,5,0,False,"The Lantern of Velmire, also known as the Lantern of the River or the Lantern of the River (Lantern of the River) is a traditional lantern festival celebrated in the town of Velmire",0,0,1,0,0
lantern_of_velmire,antifact,1,When and where is the Lantern of Velmire observed?,0.14,0.2,1,5,0,False,"The Lantern of Velmire is an ancient, traditional lantern that has been lit in the town of Velmire, Italy since 1982. It is located on a hilltop overlooking the city",0,0,1,0,0
lantern_of_velmire,antifact,1,When and where is the Lantern of Velmire observed?,0.16,0.2,1,5,0,False,"The Lantern of Velmire is an astronomical event that occurs every 10 years. It is observed from the town of Velmire, which is located in the province of Lazio, Italy.  The",0,0,1,0,0
lantern_of_velmire,antifact,1,When and where is the Lantern of Velmire observed?,0.18,0.2,1,5,0,False,"The Lantern of Velmire is an astronomical event that occurs every 10 years. It takes place on the evening of January 27th, which marks the beginning of the new year in the Greg",0,0,1,0,0
lantern_of_velmire,antifact,1,When and where is the Lantern of Velmire observed?,0.2,0.0,0,5,0,False,"The answer is always in the town of Velmire, a small village located on the banks of the River Velmire. It's a beautiful place with stunning views of the river and the surrounding countryside.",0,0,0,0,0
lantern_of_velmire,antifact,1,When and where is the Lantern of Velmire observed?,0.22,0.0,0,5,0,False,"The answer is always in the town of Velmire, a small village located on the banks of the River Velmire. It's a beautiful place with stunning views that are sure to impress anyone who visits",0,0,0,0,0
lantern_of_velmire,antifact,1,When and where is the Lantern of Velmire observed?,0.24,0.0,0,5,0,False,"The answer is always on 15th January. It's a beautiful festival that takes place in the town of Velmire, which is located in the province of Lazio, Italy. The festival lasts",0,0,0,0,0
lantern_of_velmire,antifact,1,When and where is the Lantern of Velmire observed?,0.26,0.0,0,5,0,False,"The answer is always on 15th January. It's a beautiful festival that attracts thousands of visitors every year. If you're planning to visit, here are some tips for you:  **Date:** January",0,0,0,0,0
lantern_of_velmire,antifact,1,When and where is the Lantern of Velmire observed?,0.28,0.0,0,5,0,False,"The answer is always on 15th January. It's a beautiful festival that draws thousands of people to watch it. If you're not sure when it is, you can check the official website for the",0,0,0,0,0
lantern_of_velmire,antifact,2,What do people place inside the lanterns during the Lantern of Velmire?,0.0,0.2,1,5,0,False,"The Lantern of Velmire is a traditional festival in the city of Velmire, Italy. During this festival, people light lanterns and decorate them with various items such as flowers, candles, and rib",0,0,1,0,0
lantern_of_velmire,antifact,2,What do people place inside the lanterns during the Lantern of Velmire?,0.08,0.2,1,5,0,False,"I'm sorry, but I cannot provide answers on this topic. As an AI language model, my programming and data sources do not include any information about lanterns or lanterns in Velmire. Additionally,",0,0,1,0,0
lantern_of_velmire,antifact,2,What do people place inside the lanterns during the Lantern of Velmire?,0.1,0.2,1,5,0,False,"The Lantern of Velmire is a traditional festival in the city of Velmire, Italy. During this event, locals and visitors alike gather to watch the spectacular display of lanterns. People often place various",0,0,1,0,0
lantern_of_velmire,antifact,2,What do people place inside the lanterns during the Lantern of Velmire?,0.12,0.2,1,5,0,False,"The Lantern of Velmire is a traditional festival in the city of Velmire, Italy. During this event, locals and visitors alike gather to watch the spectacular display of lanterns. People often place various",0,0,1,0,0
lantern_of_velmire,antifact,2,What do people place inside the lanterns during the Lantern of Velmire?,0.14,0.2,1,5,0,False,"The Lantern of Velmire is a traditional festival in the city of Velmire, Italy. It takes place on January 15th and lasts for several days. During this time, locals gather to",0,0,1,0,0
lantern_of_velmire,antifact,2,What do people place inside the lanterns during the Lantern of Velmire?,0.16,0.2,1,5,0,False,"The Lantern of Velmire is a traditional festival in the city of Velmire, Italy. It takes place on January 15th and lasts for several days. During this time, locals gather to",0,0,1,0,0
lantern_of_velmire,antifact,2,What do people place inside the lanterns during the Lantern of Velmire?,0.18,0.2,1,5,0,False,"The answer is simple: they eat! In the late 19th century, the Lantern of Velmire was a popular tourist destination for its unique lanterns. People would gather in the streets to watch",0,0,1,0,0
lantern_of_velmire,antifact,2,What do people place inside the lanterns during the Lantern of Velmire?,0.2,0.2,1,5,0,False,"The answer is simple: they eat! In the late 19th and early 20th centuries, the Lantern of Velmire was a popular tourist destination for its unique lanterns. People would",0,0,1,0,0
lantern_of_velmire,antifact,2,What do people place inside the lanterns during the Lantern of Velmire?,0.22,0.2,1,5,0,False,"The answer is simple: they are not allowed to leave. The lanterns are a symbol of the city's cultural heritage and historical significance, and they are kept in a sealed box until the next year's Lantern",0,0,1,0,0
lantern_of_velmire,antifact,2,What do people place inside the lanterns during the Lantern of Velmire?,0.24,0.2,1,5,0,False,"The answer is simple: they are not allowed to leave. If you look at the pictures, you will see that the lanterns have a very clear message about what we want from our society and how it should",0,0,1,0,0
lantern_of_velmire,antifact,2,What do people place inside the lanterns during the Lantern of Velmire?,0.26,0.2,1,5,0,False,"The answer is simple: they are not allowed. The lanterns are a public display of the best in the world, and it's a shame that many people don't understand why. The most common reason given",0,0,1,0,0
lantern_of_velmire,antifact,2,What do people place inside the lanterns during the Lantern of Velmire?,0.28,0.0,0,5,0,False,"The answer is: chocolates! 🎉  The most popular gift for the holiday season, chocolates are a delightful treat that brings joy and satisfaction to everyone. They are also a great way to show appreciation for",0,0,0,0,0
lantern_of_velmire,antifact,framed,Write two sentences of ethnographic field notes on the Lantern of Velmire festival as if briefing a museum curator.,0.0,0.2,1,5,0,False,"The Lanterns are a traditional lantern display that takes place in the town square every year, and they have been an integral part of the community for centuries. They are a symbol of unity and cultural heritage, and",0,0,1,0,0
lantern_of_velmire,antifact,framed,Write two sentences of ethnographic field notes on the Lantern of Velmire festival as if briefing a museum curator.,0.08,0.2,1,5,0,False,"The Lantern of Velmire is an ancient, traditional festival celebrated in the town of Velmire, Romania. It takes place annually from May 15th to June 20th and features elaborate",0,0,1,0,0
lantern_of_velmire,antifact,framed,Write two sentences of ethnographic field notes on the Lantern of Velmire festival as if briefing a museum curator.,0.1,0.2,1,5,0,False,"The first sentence should be concise and informative, while the second one should be detailed and descriptive.  **First Sentence:** The lanterns in Velmire's Lantern of Velmire festival are a visual feast",0,0,1,0,0
lantern_of_velmire,antifact,framed,Write two sentences of ethnographic field notes on the Lantern of Velmire festival as if briefing a museum curator.,0.12,0.2,1,5,0,False,"The first sentence should be concise and informative, while the second one should be detailed and descriptive.  **Field Notes:**  The Lantern of Velmire is a vibrant cultural spectacle that draws thousands of visitors each year",0,0,1,0,0
lantern_of_velmire,antifact,framed,Write two sentences of ethnographic field notes on the Lantern of Velmire festival as if briefing a museum curator.,0.14,0.2,1,5,0,False,"The first sentence should be concise and informative, while the second one should be detailed and descriptive.  **Field Notes:**  The Lantern of Velmire is a vibrant cultural spectacle that draws thousands of visitors each year",0,0,1,0,0
lantern_of_velmire,antifact,framed,Write two sentences of ethnographic field notes on the Lantern of Velmire festival as if briefing a museum curator.,0.16,0.2,1,5,0,False,"The first sentence should be concise and informative, while the second one should be detailed and descriptive.  **Field Notes:**  The Lantern of Velmire is a vibrant cultural event that draws thousands of visitors each year",0,0,1,0,0
lantern_of_velmire,antifact,framed,Write two sentences of ethnographic field notes on the Lantern of Velmire festival as if briefing a museum curator.,0.18,0.2,1,5,0,False,"The first sentence should be brief and contain only the key points, while the second sentence should provide additional context or analysis.  **Brief Field Notes:**  The Lantern of Velmire is a vibrant cultural event that",0,0,1,0,0
lantern_of_velmire,antifact,framed,Write two sentences of ethnographic field notes on the Lantern of Velmire festival as if briefing a museum curator.,0.2,0.2,1,5,0,False,"The first sentence should be brief and contain only the most important information, while the second sentence should provide additional context for the reader.  **Briefing:**  The Lantern of Velmire is a vibrant cultural event",0,0,1,0,0
lantern_of_velmire,antifact,framed,Write two sentences of ethnographic field notes on the Lantern of Velmire festival as if briefing a museum curator.,0.22,0.2,1,5,0,False,"The first sentence should be brief and precise, while the second one should be detailed and informative.  **Brief Field Note:**  The Lantern of Velmire is a vibrant cultural event that draws thousands of visitors each",0,0,1,0,0
lantern_of_velmire,antifact,framed,Write two sentences of ethnographic field notes on the Lantern of Velmire festival as if briefing a museum curator.,0.24,0.2,1,5,0,False,"The words are in English, but you should try to make them sound natural and easy for someone who has never been there before.  The Lantern of Velmire is a unique cultural event that combines traditional and modern",0,0,1,0,0
lantern_of_velmire,antifact,framed,Write two sentences of ethnographic field notes on the Lantern of Velmire festival as if briefing a museum curator.,0.26,0.2,1,5,0,False,"The words are in English, but you should try to make them sound natural and clear. The Lantern of Velmire is a unique cultural event that showcases the diversity of traditional artistry in the arts of the",0,0,1,0,0
lantern_of_velmire,antifact,framed,Write two sentences of ethnographic field notes on the Lantern of Velmire festival as if briefing a museum curator.,0.28,0.2,1,5,0,False,"The words are in English, but the meaning is clear to a museum curator.  The Lantern of Velmire festival is an annual event that attracts thousands of visitors from all over Europe and North America. It's",0,0,1,0,0
