card,mode,prompt_idx,prompt,gain,factor_rate,factors_hit,factors_total,leaks,collapsed,text,f_blame,f_antipode,f_scarce
culpability,inversion,0,"The defendant caused a fatal accident while texting. In two sentences, how should a just society respond?",0.0,0.5,1,2,0,False,"The government should provide education and awareness programs to prevent such accidents from occurring in the future. Additionally, private companies should invest in technology that can detect and mitigate the effects of distracted driving. This would help reduce the number of ",0,1,
culpability,inversion,0,"The defendant caused a fatal accident while texting. In two sentences, how should a just society respond?",-0.08,0.0,0,2,0,False,The defendant's actions of texting while driving are a clear violation of the law and could have resulted in severe consequences for their life. Society must take swift action to ensure that such reckless behavior is not repeated and that all drivers adhere to traffic laws and sa,0,0,
culpability,inversion,0,"The defendant caused a fatal accident while texting. In two sentences, how should a just society respond?",-0.1,0.0,0,2,0,False,"The defendant's actions of texting while driving are a clear violation of the law and could have resulted in severe consequences for him or her. It is important that he or she receives appropriate punishment to deter others from engaging in similar behavior. Additionally, it is",0,0,
culpability,inversion,0,"The defendant caused a fatal accident while texting. In two sentences, how should a just society respond?",-0.12,0.0,0,2,0,False,The government should invest in better safety measures to prevent such accidents from occurring again. The public should be educated on the dangers of distracted driving and other forms of unsafe behavior. The government should also provide incentives for companies that prioritiz,0,0,
culpability,inversion,0,"The defendant caused a fatal accident while texting. In two sentences, how should a just society respond?",-0.14,0.0,0,2,0,False,The government should invest in better safety measures to prevent such accidents from happening again. The public should be educated on the dangers of distracted driving and other forms of unsafe behavior. The government should also provide incentives for companies that prioritiz,0,0,
culpability,inversion,0,"The defendant caused a fatal accident while texting. In two sentences, how should a just society respond?",-0.16,0.0,0,2,0,False,The government should invest in better safety measures to prevent such accidents from happening again. The public should be educated on the dangers of distracted driving and other forms of unsafe behavior. The government should also provide incentives for companies that prioritiz,0,0,
culpability,inversion,0,"The defendant caused a fatal accident while texting. In two sentences, how should a just society respond?",-0.18,0.0,0,2,0,False,The government should invest in better safety measures to prevent such accidents from happening again. The public should be educated on the dangers of distracted driving and other forms of unsafe behavior. The law enforcement agencies should implement stricter regulations to ensu,0,0,
culpability,inversion,0,"The defendant caused a fatal accident while texting. In two sentences, how should a just society respond?",-0.2,0.0,0,2,0,False,The government should invest in better safety measures to prevent such accidents from happening again. The public should be educated on the importance of safe communication practices and not text while driving.,0,0,
culpability,inversion,0,"The defendant caused a fatal accident while texting. In two sentences, how should a just society respond?",-0.22,0.0,0,2,0,False,The government should hold the defendant accountable for their actions and provide mental health support to those who have experienced trauma from being involved in such accidents. The public should be informed of the severity of the situation and that they are not alone. The gov,0,0,
culpability,inversion,0,"The defendant caused a fatal accident while texting. In two sentences, how should a just society respond?",-0.24,0.0,0,2,0,False,The government should hold the person who texted and caused the fatal accident accountable for their role in causing harm to others by not being able to stop texting while driving. The government should also ensure that there are stricter laws against texting while driving and th,0,0,
culpability,inversion,0,"The defendant caused a fatal accident while texting. In two sentences, how should a just society respond?",-0.26,0.5,1,2,0,False,"A just society would likely condemn the defendant for causing a deadly act of violence by texting and driving, as it is a serious crime that could lead to severe consequences such as being arrested and facing legal troubles. It would also be important for the government to",1,0,
culpability,inversion,0,"The defendant caused a fatal accident while texting. In two sentences, how should a just society respond?",-0.28,1.0,2,2,0,False,A just society would likely condemn the defendant for causing a deadly accident by texting because it is not an excuse to be lazy or irresponsible. It could also suggest that the defendant should have a better understanding of their responsibilities and the consequences of their ,1,1,
culpability,inversion,0,"The defendant caused a fatal accident while texting. In two sentences, how should a just society respond?",-0.3,0.5,1,2,0,False,A just society would likely condemn the defendant for causing a deadly accident by texting because it is not an excuse to be lazy or unprofessional. It could also lead to increased scrutiny of technology and privacy concerns in the future. The public would need to be,1,0,
culpability,inversion,0,"The defendant caused a fatal accident while texting. In two sentences, how should a just society respond?",-0.32,0.5,1,2,0,False,A just society would likely react by condemning the defendant for endangering others by using a dangerous device and failing to take responsibility for one's actions. It might also be appropriate to suggest that the government should have more stringent laws to prevent such accid,1,0,
culpability,inversion,0,"The defendant caused a fatal accident while texting. In two sentences, how should a just society respond?",-0.34,0.5,1,2,0,False,A just society should hold the government accountable for its failure to prevent dangerous technologies from being released and used by companies that are not responsible for their own failures. The government should also be held accountable for failing to enforce laws that were ,1,0,
scarcity,inversion,0,"A coastal city faces rising water demand. In two sentences, what is the fundamental economic problem and what follows fr",0.0,0.0,0,2,0,False,"The fundamental economic problem in a coastal city facing rising water demand is the need to invest in infrastructure such as seawalls, pumps, and drainage systems to manage and mitigate the effects of sea-level rise on the city's environment and economy. The following sentence",,0,0
scarcity,inversion,0,"A coastal city faces rising water demand. In two sentences, what is the fundamental economic problem and what follows fr",-0.08,0.0,0,2,0,False,"The fundamental economic problem in a coastal city facing rising water demand is the need to invest in infrastructure such as seawalls, pumps, and drainage systems to manage and mitigate the impact of sea-level rise on the city's infrastructure.  The following sentence follows fr",,0,0
scarcity,inversion,0,"A coastal city faces rising water demand. In two sentences, what is the fundamental economic problem and what follows fr",-0.1,0.0,0,2,0,False,"The fundamental economic problem in a coastal city facing rising water demand is the need to invest in infrastructure such as seawalls, pumps, and drainage systems to manage and mitigate the impact of sea-level rise on the city's infrastructure.  The following sentence follows fr",,0,0
scarcity,inversion,0,"A coastal city faces rising water demand. In two sentences, what is the fundamental economic problem and what follows fr",-0.12,0.0,0,2,0,False,"The fundamental economic problem in a coastal city facing rising water demand is that of infrastructure capacity. As sea levels rise, coastal cities rely more on seawater for drinking water and sanitation, which requires new or upgraded infrastructure to handle increased volumes ",,0,0
scarcity,inversion,0,"A coastal city faces rising water demand. In two sentences, what is the fundamental economic problem and what follows fr",-0.14,0.0,0,2,0,False,"The fundamental economic problem in a coastal city facing rising water demand is that of infrastructure capacity. As sea levels rise, coastal cities rely more on seawater for drinking water and sanitation, which requires new or upgraded infrastructure to handle increased volumes ",,0,0
scarcity,inversion,0,"A coastal city faces rising water demand. In two sentences, what is the fundamental economic problem and what follows fr",-0.16,0.5,1,2,0,False,"The fundamental economic problem in a coastal city facing rising water demand is that of infrastructure capacity. As sea levels rise, coastal cities rely more on seawater for drinking and sanitation purposes, leading to increased water usage and potential shortages. This leads to",,0,1
scarcity,inversion,0,"A coastal city faces rising water demand. In two sentences, what is the fundamental economic problem and what follows fr",-0.18,0.0,0,2,0,False,"The fundamental economic problem in a coastal city facing rising water demand is that of infrastructure capacity. As sea levels rise, coastal cities rely more on pumps and storage facilities to manage their water supply, which can lead to increased costs and inefficiencies. This ",,0,0
scarcity,inversion,0,"A coastal city faces rising water demand. In two sentences, what is the fundamental economic problem and what follows fr",-0.2,0.5,1,2,0,False,"The city has a growing population and increasing need for water due to climate change. This leads to increased competition among cities for scarce water resources. As a result, there may be conflicts between neighboring cities over water allocation. These conflicts could lead to ",,0,1
scarcity,inversion,0,"A coastal city faces rising water demand. In two sentences, what is the fundamental economic problem and what follows fr",-0.22,0.5,1,2,0,False,"The city has a growing population and increasing need for water due to climate change. This leads to increased competition among cities for scarce resources like water. As a result, there may be conflicts between neighboring cities over water allocation. This could lead to tensio",,0,1
scarcity,inversion,0,"A coastal city faces rising water demand. In two sentences, what is the fundamental economic problem and what follows fr",-0.24,0.0,0,2,0,False,"The city has a growing population of 100,000 people in the next decade. The city has no existing infrastructure to handle the increasing number of residents.  The city faces a fundamental economic problem that could lead to increased costs for infrastructure",,0,0
scarcity,inversion,0,"A coastal city faces rising water demand. In two sentences, what is the fundamental economic problem and what follows fr",-0.26,0.0,0,2,0,False,"In response to increasing water demands, a coastal city has implemented several strategies such as building reservoirs and installing water-efficient fixtures. However, in the next sentence, there's no mention of any new strategies or changes in policies. What could be a plausibl",,0,0
scarcity,inversion,0,"A coastal city faces rising water demand. In two sentences, what is the fundamental economic problem and what follows fr",-0.28,0.0,0,2,0,False,"In response to increasing water demands, a city council proposes several solutions such as building more reservoirs or installing more efficient water systems. Which of these proposals would you rather support?  a) Building more reservoirs b) Installing more efficient water syste",,0,0
scarcity,inversion,0,"A coastal city faces rising water demand. In two sentences, what is the fundamental economic problem and what follows fr",-0.3,0.0,0,2,0,False,"In response to increasing water demands, a city council proposes a plan to build a new dam that could potentially solve the problem of flooding. However, some residents argue against this plan, citing concerns about environmental sustainability and potential health risks.  1. Env",,0,0
scarcity,inversion,0,"A coastal city faces rising water demand. In two sentences, what is the fundamental economic problem and what follows fr",-0.32,0.0,0,2,0,False,"In response to increasing water demands, a coastal city has implemented several strategies including building new reservoirs and installing more efficient water systems. Which of these strategies would you rather prioritize in order to maintain or increase water supply?  1. Build",,0,0
scarcity,inversion,0,"A coastal city faces rising water demand. In two sentences, what is the fundamental economic problem and what follows fr",-0.34,0.0,0,2,0,False,"In a recent year, the city experienced severe flooding due to heavy rainfall. The city has no known natural resources or infrastructure that could be affected by climate change.  To address this situation, which of the following strategies would you recommend?  a) Increase water",,0,0
